filename,renjiao_hint,content_type,old_manifest,topic_keywords
30岁啦！_68cac7ea000000001203c5a7.txt,无年级前缀,其他,keep-34grade,30岁啦！
shunshun_6a12c11d.txt,无年级前缀,vlog生活,未分类,shunshun
一个九位数，各数位上的数字和是15，其中万位上的数是亿位数的2倍，这个数最大是多_6702042d000000001a023585.txt,无年级前缀,其他,keep-34grade,一个九位数，各数位上的数字和是15，其中万位上的数是亿位数的2倍，这个数最大是多
一个九位数，各数位数字之和是211，这个数最大是多少？最小是多少？(之前讲过一道_67086241000000001902f2cc.txt,无年级前缀,其他,keep-34grade,一个九位数，各数位数字之和是211，这个数最大是多少？最小是多少？(之前讲过一道
一个八位数，它由四个5和四个0组成，并且它的万位上是5，读数时要读出三个0，这个_66ee2e3a000000001e01af76.txt,无年级前缀,其他,keep-34grade,一个八位数，它由四个5和四个0组成，并且它的万位上是5，读数时要读出三个0，这个
一个数由1、2、3、4、5、6、7、8、9这九个数字组成，四舍五入后约等于9亿，_66f802b9000000001a02027e.txt,无年级前缀,其他,keep-34grade,一个数由1、2、3、4、5、6、7、8、9这九个数字组成，四舍五入后约等于9亿，
一个数，用“四舍五入”法省略亿位后面的尾数约是10亿，这个数最大是？最小？#小学_66fd4bf2000000001b023777.txt,无年级前缀,教学,keep-34grade,一个数，用“四舍五入”法省略亿位后面的尾数约是10亿，这个数最大是？最小？
一个数，省略万位后面的尾数约是500万，这个数最大是多少？最小是多少？#小学数学_66f5685e000000001b0221d2.txt,无年级前缀,教学,keep-34grade,一个数，省略万位后面的尾数约是500万，这个数最大是多少？最小是多少？
一块长方形菜地，如果它的长增加4千米，面积就增加24平方千米，如果它的宽增加5千_670fc5f20000000021005b04.txt,无年级前缀,教学,keep-34grade,一块长方形菜地，如果它的长增加4千米，面积就增加24平方千米，如果它的宽增加5千
三下思维题_积可能是？？？有的时候选对方向方法比努力更重要。(这几天我会陆续整理_66d3e2fe000000001d01790a.txt,三下,其他,keep-34grade,三下思维题
三下课堂实录_搭配(拓展题)。乘积最大的算式？做题讲究解题技巧。_66ca93de000000001d03b537.txt,三下,思维拓展,keep-34grade,三下课堂实录
三角形的分类_680a0fbb000000001d0094a2.txt,无年级前缀,教学,keep-34grade,三角形的分类
三角形的面积拓展_699858de000000000a02db5a.txt,无年级前缀,教学,keep-34grade,三角形的面积拓展
与倍有关的问题解决。只是问题变了一点点，就变成了一道易错题了。#数学思维 #小学_66dee16700000000120120e1.txt,无年级前缀,思维拓展,keep-34grade,与倍有关的问题解决。只是问题变了一点点，就变成了一道易错题了。
与小数比较大小相关：A=B✖️0.89=C✖️1.11每天学习一点点 小学数学_68c6b507000000001c03c00c.txt,无年级前缀,教学,keep-34grade,与小数比较大小相关：A=B✖️0.89=C✖️1.11每天学习一点点 小学数学
与计算有关_除数是一位数的除法。这种题型考得比较多，新题型新考法。#小学数学 #_66dd959f0000000012013577.txt,无年级前缀,教学,keep-34grade,与计算有关
五上-一题多解_696f7072000000000b00acb2.txt,五上,其他,keep-5grade|reject,五上-一题多解
五上-三角形的高_693550ac000000001d03c4bc.txt,五上,教学,keep-5grade|reject,五上-三角形的高
五上-与“倍”有关的易错题_6943d1e5000000001d03a842.txt,五上,思维拓展,keep-5grade|reject,五上-与“倍”有关的易错题
五上-与三角形、梯形有关的判断题_693fd6ce000000001e013587.txt,五上,教学,keep-5grade|reject,五上-与三角形、梯形有关的判断题
五上-与平行四边形有关的判断题_693fd688000000001d0390da.txt,五上,教学,keep-5grade|reject,五上-与平行四边形有关的判断题
五上-两边都有未知数的方程_691f1e0f000000001e005a56.txt,五上,教学,keep-5grade|reject,五上-两边都有未知数的方程
五上-临近期末的思想教育_696f71360000000009039c3c.txt,五上,其他,reject,五上-临近期末的思想教育
五上-从公式出发，配合假设法_694a78b7000000001d03a480.txt,五上,其他,keep-5grade|reject,五上-从公式出发，配合假设法
五上-估算解决问题_68cac8b0000000001201e4ef.txt,五上,教学,keep-5grade|reject,五上-估算解决问题
五上-作辅助线求面积_6943d182000000001d03a5c6.txt,五上,教学,keep-5grade|reject,五上-作辅助线求面积
五上-分段计费变式_68e37086000000000700f0d4.txt,五上,其他,keep-5grade|keep-6grade|reject,五上-分段计费变式
五上-列方程解决倍数问题_69299c45000000001d03b43a.txt,五上,教学,keep-5grade|keep-6grade|reject,五上-列方程解决倍数问题
五上-列方程解决行程问题_692d7c5d000000001e00a323.txt,五上,教学,keep-5grade|keep-6grade|reject,五上-列方程解决行程问题
五上-列方程解决问题_691f1e53000000001e012e7c.txt,五上,教学,keep-5grade|reject,五上-列方程解决问题
五上-列方程解决问题_69299cf0000000001e008a08.txt,五上,教学,keep-5grade|reject,五上-列方程解决问题
五上-列方程解盈亏问题_69299e61000000001e0168f1.txt,五上,教学,keep-5grade|reject,五上-列方程解盈亏问题
五上-列方程解鸡兔同笼_69299de7000000001e008f8b.txt,五上,教学,keep-5grade|reject,五上-列方程解鸡兔同笼
五上-判断是否是方程_6915d451000000000703249b.txt,五上,教学,keep-5grade|reject,五上-判断是否是方程
五上-割补法_694a7972000000001e014264.txt,五上,其他,keep-5grade|reject,五上-割补法
五上-可能性_68ff885f000000000700ed0d.txt,五上,其他,keep-5grade|reject,五上-可能性
五上-含有字母的式子_6915d4190000000007009b81.txt,五上,其他,keep-5grade|reject,五上-含有字母的式子
五上-对折问题_68fa356400000000070377f0.txt,五上,其他,keep-5grade|reject,五上-对折问题
五上-小数乘小数_68bfd78b000000001c03d96b.txt,五上,教学,keep-5grade|reject,五上-小数乘小数
五上-小数乘整数_68b96df1000000001d012ddb.txt,五上,教学,keep-5grade|reject,五上-小数乘整数
五上-小数乘法与周期问题_68bfd7ea000000001d0089ec.txt,五上,教学,keep-5grade|reject,五上-小数乘法与周期问题
五上-小数的简便计算_68cac8560000000013008b6f.txt,五上,教学,keep-5grade|reject,五上-小数的简便计算
五上-小数除法中的余数_68fa34e8000000000700dee3.txt,五上,教学,keep-5grade|reject,五上-小数除法中的余数
五上-平均_68f23cfe000000000701742d.txt,五上,其他,keep-5grade|reject,五上-平均
五上-平行四边形的面积_69369f11000000001e002af3.txt,五上,教学,keep-5grade|reject,五上-平行四边形的面积
五上-平行四边形的面积_69382f93000000001e00ff04.txt,五上,教学,keep-5grade|reject,五上-平行四边形的面积
五上-年龄差问题_69299c96000000001e015e3a.txt,五上,其他,keep-5grade|reject,五上-年龄差问题
五上-循环小数_68f23d9f0000000007022adf.txt,五上,教学,keep-5grade|reject,五上-循环小数
五上-循环小数_68f4a6a8000000000703814e.txt,五上,教学,keep-5grade|reject,五上-循环小数
五上-思考题_696cf636000000000903ad87.txt,五上,其他,keep-5grade|reject,五上-思考题
五上-找底边对应的高_693166c8000000001e001144.txt,五上,其他,keep-5grade|reject,五上-找底边对应的高
五上-找规律_695cee770000000009038c8f.txt,五上,其他,keep-5grade|reject,五上-找规律
五上-抓住不变量解决问题_68e09bdb000000000700c92a.txt,五上,教学,keep-5grade|keep-6grade|reject,五上-抓住不变量解决问题
五上-抽签_68ff87bd0000000007021418.txt,五上,其他,keep-5grade|reject,五上-抽签
五上-拉窗帘模型_69454d0b000000001e007d60.txt,五上,其他,keep-5grade|keep-6grade|reject,五上-拉窗帘模型
五上-探究三角形面积的计算公式_69316733000000001e0013b8.txt,五上,教学,keep-5grade|reject,五上-探究三角形面积的计算公式
五上-探究平行四边形面积的计算公式_692d7ce1000000001e001f13.txt,五上,教学,keep-5grade|reject,五上-探究平行四边形面积的计算公式
五上-探究梯形的面积计算公式_693acbe1000000001e0084ee.txt,五上,教学,keep-5grade|reject,五上-探究梯形的面积计算公式
五上-数对练习_68d3d3e7000000001201c753.txt,五上,其他,keep-5grade|reject,五上-数对练习
五上-数感_69633211000000000903a91b.txt,五上,其他,keep-5grade|reject,五上-数感
五上-新考法数感_68da894a000000001300b757.txt,五上,其他,keep-5grade|reject,五上-新考法数感
五上-易错判断题_6915d54c0000000007032a67.txt,五上,其他,keep-5grade|reject,五上-易错判断题
五上-易错简便计算_695cedf2000000000a02ac2f.txt,五上,教学,keep-5grade|reject,五上-易错简便计算
五上-易错题_68d3d467000000001201ca40.txt,五上,思维拓展,keep-5grade|reject,五上-易错题
五上-易错题_68da89dd0000000012031f65.txt,五上,思维拓展,keep-5grade|reject,五上-易错题
五上-易错题_6904ba460000000007033c43.txt,五上,思维拓展,keep-5grade|reject,五上-易错题
五上-易错题_6908c0e400000000070340aa.txt,五上,思维拓展,keep-5grade|reject,五上-易错题
五上-易错题_6912b2d9000000000703b3be.txt,五上,思维拓展,keep-5grade|reject,五上-易错题
五上-易错题_694a79c2000000001e00658a.txt,五上,思维拓展,keep-5grade|reject,五上-易错题
五上-易错题_696cf6b0000000000a032ea1.txt,五上,思维拓展,keep-5grade|reject,五上-易错题
五上-有括号的方程_691f1de5000000001e005948.txt,五上,教学,keep-5grade|reject,五上-有括号的方程
五上-期末注意⚠️易错题_6978ded70000000009038056.txt,五上,期末复习|思维拓展,keep-5grade|reject,五上-期末注意⚠️易错题
五上-期末考前思考题：两个全程。_6978df46000000000a030264.txt,五上,期末复习,keep-5grade|reject,五上-期末考前思考题：两个全程。
五上-期末试卷_694be453000000001d03eb59.txt,五上,期末复习,keep-5grade|reject,五上-期末试卷
五上-期末试卷（判断题、计算题、操作题）_694f679d000000001d03e370.txt,五上,期末复习,keep-5grade|reject,五上-期末试卷（判断题、计算题、操作题）
五上-期末试卷（填空题）_694d3c4f000000001d03cd19.txt,五上,期末复习,keep-5grade|reject,五上-期末试卷（填空题）
五上-期末试卷（问题解决）_694fb4f5000000001e00a7b5.txt,五上,期末复习,keep-5grade|reject,五上-期末试卷（问题解决）
五上-植树问题_69562be7000000001e00be3e.txt,五上,其他,keep-5grade|keep-6grade|reject,五上-植树问题
五上-比较大小_68ebb9b0000000000703adfb.txt,五上,其他,keep-5grade|reject,五上-比较大小
五上-比较大小_695ceefb000000000c03739f.txt,五上,其他,keep-5grade|reject,五上-比较大小
五上-求近似数_696cf681000000000a03f35f.txt,五上,其他,keep-5grade|reject,五上-求近似数
五上-用举例子的方法理解题意_68d66985000000001202f01d.txt,五上,其他,keep-5grade|reject,五上-用举例子的方法理解题意
五上-用字母表示数_6900a5940000000007033554.txt,五上,其他,keep-5grade|reject,五上-用字母表示数
五上-用字母表示数_6908c12000000000070341f7.txt,五上,其他,keep-5grade|keep-6grade|reject,五上-用字母表示数
五上-画图的重要性_694a78f5000000001d03a5cb.txt,五上,其他,keep-5grade|reject,五上-画图的重要性
五上-竖式计算_68d3d427000000001203fa9d.txt,五上,教学,keep-5grade|reject,五上-竖式计算
五上-等式与方程_6915d4ee0000000007038284.txt,五上,教学,keep-5grade|reject,五上-等式与方程
五上-简便计算_69525d9c000000001e00f217.txt,五上,教学,keep-5grade|reject,五上-简便计算
五上-简便计算_696330e2000000000b00ab4b.txt,五上,教学,keep-5grade|reject,五上-简便计算
五上-算理_696331df000000000a028fd9.txt,五上,其他,keep-5grade|reject,五上-算理
五上-组合图形的面积_693acc91000000001d03b7a2.txt,五上,教学,keep-5grade|reject,五上-组合图形的面积
五上-翻折问题_693fd645000000001e01321c.txt,五上,其他,keep-5grade|reject,五上-翻折问题
五上-解简单的方程_6915d5d000000000070358f0.txt,五上,教学,keep-5grade|reject,五上-解简单的方程
五上-解简单的方程（未知数是减数或除数）_6915e16c000000000700f8c9.txt,五上,教学,keep-5grade|reject,五上-解简单的方程（未知数是减数或除数）
五上-计算含字母的式子_6904ba980000000007033e35.txt,五上,教学,keep-5grade|reject,五上-计算含字母的式子
五上-这个方程有问题？_69299d4a000000001e007abc.txt,五上,教学,keep-5grade|reject,五上-这个方程有问题？
五上-错中求解_68ebb92e0000000007033f69.txt,五上,其他,keep-5grade|reject,五上-错中求解
五上-长方形框架拉动_69355048000000001e00891c.txt,五上,其他,keep-5grade|reject,五上-长方形框架拉动
五上-问题解决（去尾法、进一法）_68f23b3c000000000703443a.txt,五上,其他,keep-5grade|reject,五上-问题解决（去尾法、进一法）
五上-阴影部分的面积_693fd710000000001d03e161.txt,五上,教学,keep-5grade|reject,五上-阴影部分的面积
五上-除法竖式_68ed14600000000007009831.txt,五上,教学,keep-5grade|reject,五上-除法竖式
五上-随便聊聊_691f1d9e000000001e00a8c4.txt,五上,其他,reject,五上-随便聊聊
五上-面积相关题型_69525d4c000000001e009fc2.txt,五上,教学,keep-5grade|reject,五上-面积相关题型
五上第一单元-分段计费_68d14c81000000001202cd7d.txt,五上,教学,keep-5grade|keep-6grade|reject,五上第一单元-分段计费
今天和学生一起探究了租船问题。发现有这样的几个点学生理解起来比较困难：_67bc5324000000002902e176.txt,无年级前缀,其他,keep-34grade,今天和学生一起探究了租船问题。发现有这样的几个点学生理解起来比较困难：
你好2025！_677525870000000013002d00.txt,无年级前缀,其他,keep-34grade,你好2025！
倒推法解题。借助开火车的形式呈现，学生更容易理解。小学数学四年级数学_67cdb7410000000029016184.txt,无年级前缀,教学,keep-34grade,倒推法解题。借助开火车的形式呈现，学生更容易理解。小学数学四年级数学
公顷练习题：一个面积为1公顷的正方形苗圃，边长合增加100米后，面积增加了多少公_670b58e20000000021000dc6.txt,无年级前缀,教学,keep-34grade,公顷练习题：一个面积为1公顷的正方形苗圃，边长合增加100米后，面积增加了多少公
关于线段、射线和直线的易错判断题。#小学数学 #易错题_67119532000000001b03e3df.txt,无年级前缀,思维拓展|教学,keep-34grade,关于线段、射线和直线的易错判断题。
关于这道题，我的印象很深。有一个学生说，他是用直尺按照比例量出来的！厉害呀👍，_699858b3000000000b013af6.txt,无年级前缀,其他,keep-34grade|keep-6grade,关于这道题，我的印象很深。有一个学生说，他是用直尺按照比例量出来的！厉害呀👍，
分段计费（分三段）_6975efab000000000b009f80.txt,无年级前缀,其他,keep-34grade|keep-6grade,分段计费（分三段）
判断商是三位数的算式是？无论是三年级学的除数是一位数的除法还是四年级即将学的除数_66d80aeb000000001e0196a5.txt,三下,其他,keep-34grade,判断商是三位数的算式是？无论是三年级学的除数是一位数的除法还是四年级即将学的除数
加法算式→乘法算式。(掌握底层逻辑)#小学数学 #易错题_6709af0c000000001b020a2b.txt,无年级前缀,思维拓展|教学,keep-34grade,加法算式→乘法算式。(掌握底层逻辑)
加法运算律。加法交换律抓住位置是否发生了改变，加法结合律抓住运算顺序是否发生了变_67decd63000000001d01543f.txt,无年级前缀,其他,keep-34grade,加法运算律。加法交换律抓住位置是否发生了改变，加法结合律抓住运算顺序是否发生了变
区分计数单位、数位和数级。重点理解每个数字表示的意义……#小学数学 #大数的认识_66eacd600000000012012e72.txt,无年级前缀,教学,keep-34grade,区分计数单位、数位和数级。重点理解每个数字表示的意义……
只要开窍计算原理，就能用巧算快速搞定两位数乘三位数，开学前码住#每天学习一点点#_66d1ac30000000001d017543.txt,无年级前缀,教学,reject,只要开窍计算原理，就能用巧算快速搞定两位数乘三位数，开学前码住
四上八单元：烙饼问题（同时烙4张）小学数学数学思维 易错题_675d55d6000000000600d654.txt,四上,思维拓展|教学,keep-34grade,四上八单元：烙饼问题（同时烙4张）小学数学数学思维 易错题
四上思维拓展：翻折问题（难）。_673add700000000007025909.txt,四上,思维拓展,keep-34grade,四上思维拓展：翻折问题（难）。
四上思维拓展：追及问题。（枯燥的复习阶段，安排了这样的一道思维题来让学生们浅浅地_677fb6fc000000001a034535.txt,四上,思维拓展,keep-34grade,四上思维拓展：追及问题。（枯燥的复习阶段，安排了这样的一道思维题来让学生们浅浅地
四上思维提升：盈亏问题。_673950d0000000001b02a420.txt,四上,其他,keep-34grade,四上思维提升：盈亏问题。
四上期中复习：30千克大米87元，90千克同样的大米多少元？#小学数学 #数学思_672f30f8000000001a01f905.txt,四上,教学,keep-34grade,四上期中复习：30千克大米87元，90千克同样的大米多少元？
四上期中复习：谁的速度快？#小学数学 #数学思维 #易错题_67302188000000001b029504.txt,四上,思维拓展|教学,keep-34grade,四上期中复习：谁的速度快？
四上期末复习建议小学数学 期末期末复习 期末试卷 期末冲刺_676181320000000013001842.txt,四上,期末复习|教学,keep-34grade,四上期末复习建议小学数学 期末期末复习 期末试卷 期末冲刺
四上期末复习：5道易错判断题小学数学 数学思维 易错题 期末_67754a400000000009017ee8.txt,四上,期末复习|思维拓展|教学,keep-34grade,四上期末复习：5道易错判断题小学数学 数学思维 易错题 期末
四上期末复习：“还剩问题”小学数学 易错题 期末复习 #_6783bc1000000000200183de.txt,四上,期末复习|思维拓展|教学,keep-34grade,四上期末复习：“还剩问题”小学数学 易错题 期末复习 #
四上期末复习：◻️里可以填几？_676015b5000000001300263a.txt,四上,期末复习,keep-34grade,四上期末复习：◻️里可以填几？
四上期末复习：一个长方形正好可以分成三个完全一样的正方形。_67655c2d000000001300b49b.txt,四上,期末复习,keep-34grade,四上期末复习：一个长方形正好可以分成三个完全一样的正方形。
四上期末复习：一张长方形纸和一张三角形纸重叠（不是等腰梯形哟）小学数学 易错题_676ec5520000000013009ed6.txt,四上,期末复习|思维拓展|教学,keep-34grade,四上期末复习：一张长方形纸和一张三角形纸重叠（不是等腰梯形哟）小学数学 易错题
四上期末复习：三个量的和倍问题。小学数学 数学思维 易错题_675d5666000000000700ea4e.txt,四上,期末复习|思维拓展|教学,keep-34grade,四上期末复习：三个量的和倍问题。小学数学 数学思维 易错题
四上期末复习：乘除法。这道题被很多人吐槽“不计算”三个字，大家图一乐吧[笑哭R]_678670f100000000200170c6.txt,四上,期末复习,keep-34grade,四上期末复习：乘除法。这道题被很多人吐槽“不计算”三个字，大家图一乐吧[笑哭R]
四上期末复习：买赠问题（买五送二）小学数学 期末期末复习_6768322c0000000014022a1d.txt,四上,期末复习|教学,keep-34grade,四上期末复习：买赠问题（买五送二）小学数学 期末期末复习
四上期末复习：余数的变化规律（拓展题）_67596d1c000000000603a381.txt,四上,期末复习|思维拓展,keep-34grade,四上期末复习：余数的变化规律（拓展题）
四上期末复习：借助字母“U”“N”，巧记正确结果。_676a90ac0000000009014140.txt,四上,期末复习,keep-34grade,四上期末复习：借助字母“U”“N”，巧记正确结果。
四上期末复习：和倍问题（除法算式各部分之间的关系）小学数学 小学数学思维训练_676015820000000014024658.txt,四上,期末复习|思维拓展|教学,keep-34grade,四上期末复习：和倍问题（除法算式各部分之间的关系）小学数学 小学数学思维训练
四上期末复习：图形的面积。_6787b730000000001801727f.txt,四上,期末复习|教学,keep-34grade,四上期末复习：图形的面积。
四上期末复习：在方格纸上找点画梯形。（做到不重不漏）小学数学 易错题期末_677bef9000000000200220a1.txt,四上,期末复习|思维拓展|教学,keep-34grade,四上期末复习：在方格纸上找点画梯形。（做到不重不漏）小学数学 易错题期末
四上期末复习：平行四边形拉动变成长方形小学数学 期末复习易错题 数学思维_67694c9b0000000014027d6e.txt,四上,期末复习|思维拓展|教学,keep-34grade,四上期末复习：平行四边形拉动变成长方形小学数学 期末复习易错题 数学思维
四上期末复习：往返问题。小学数学 期末复习 易错题_67867167000000002002e723.txt,四上,期末复习|思维拓展|教学,keep-34grade,四上期末复习：往返问题。小学数学 期末复习 易错题
四上期末复习：扑克牌游戏，保证胜利！小学数学 数学思维 易错题 期末_676bf0f600000000090152f6.txt,四上,期末复习|思维拓展|教学,keep-34grade,四上期末复习：扑克牌游戏，保证胜利！小学数学 数学思维 易错题 期末
四上期末复习：数位与数的大小（基础），视频最后留有一道拓展题，大家试着做一做，下_6773c4d2000000000902df40.txt,四上,期末复习|思维拓展,keep-34grade,四上期末复习：数位与数的大小（基础），视频最后留有一道拓展题，大家试着做一做，下
四上期末复习：数位与数的大小（拓展）小学数学 数学思维 期末复习 易错题_6773c69b00000000140257c2.txt,四上,期末复习|思维拓展|教学,keep-34grade,四上期末复习：数位与数的大小（拓展）小学数学 数学思维 期末复习 易错题
四上期末复习：文字特别多的题（“里程表”。）小学数学 思维训练_675ed99c000000000700c8e0.txt,四上,期末复习|思维拓展|教学,keep-34grade,四上期末复习：文字特别多的题（“里程表”。）小学数学 思维训练
四上期末复习：新题型（培养学生数感）小学数学 期末复习 数学思维 易错题_676eadcb0000000014024092.txt,四上,期末复习|思维拓展|教学,keep-34grade,四上期末复习：新题型（培养学生数感）小学数学 期末复习 数学思维 易错题
四上期末复习：易错点（速度的描述+计算经过时间的书写格式+计算路程）。小学数学_67656163000000001300cd2c.txt,四上,期末复习|教学,keep-34grade,四上期末复习：易错点（速度的描述+计算经过时间的书写格式+计算路程）。小学数学
四上期末复习：易错题（写出同时满足两个条件的多位数）。小学数学易错题 期末复习_676559f70000000013018a0a.txt,四上,期末复习|思维拓展|教学,keep-34grade,四上期末复习：易错题（写出同时满足两个条件的多位数）。小学数学易错题 期末复习
四上期末复习：易错题（出售这种衣服能赚多少钱？）。小学数学 数学思维 易错题_6783bd3e0000000020018799.txt,四上,期末复习|思维拓展|教学,keep-34grade,四上期末复习：易错题（出售这种衣服能赚多少钱？）。小学数学 数学思维 易错题
四上期末复习：易错题（判断平行四边形与梯形的高）小学数学 期末复习 易错题_676eac8e000000000902c85b.txt,四上,期末复习|思维拓展|教学,keep-34grade,四上期末复习：易错题（判断平行四边形与梯形的高）小学数学 期末复习 易错题
四上期末复习：易错题（将圆形纸片对折两次后，折痕的位置关系？）。小学数学 易错题_677a9d53000000000902f161.txt,四上,期末复习|思维拓展|教学,keep-34grade,四上期末复习：易错题（将圆形纸片对折两次后，折痕的位置关系？）。小学数学 易错题
四上期末复习：易错题（平均速度）。小学数学 易错题 期末复习_67754acf000000001300b7db.txt,四上,期末复习|思维拓展|教学,keep-34grade,四上期末复习：易错题（平均速度）。小学数学 易错题 期末复习
四上期末复习：易错题（数互相平行或互相垂直的线段分别有几组）。小学数学 易错题_676ffafe000000001300004c.txt,四上,期末复习|思维拓展|教学,keep-34grade,四上期末复习：易错题（数互相平行或互相垂直的线段分别有几组）。小学数学 易错题
四上期末复习：易错题（时间与角的大小的关系）小学数学 易错题 期末_67714b000000000013018945.txt,四上,期末复习|思维拓展|教学,keep-34grade,四上期末复习：易错题（时间与角的大小的关系）小学数学 易错题 期末
四上期末复习：易错题（近似数与数尺）。特别容易错选3号。小学数学 易错题期末_6773c975000000000902c3bf.txt,四上,期末复习|思维拓展|教学,keep-34grade,四上期末复习：易错题（近似数与数尺）。特别容易错选3号。小学数学 易错题期末
四上期末复习：有点难度的行程问题（画图很重要）小学数学 数学思维 期末复习_677148f5000000001402189f.txt,四上,期末复习|教学,keep-34grade,四上期末复习：有点难度的行程问题（画图很重要）小学数学 数学思维 期末复习
四上期末复习：有难度的错中求解问题。_675ac4b5000000000700f8cf.txt,四上,期末复习,keep-34grade,四上期末复习：有难度的错中求解问题。
四上期末复习：梯形➡️平行四边形。小学数学 期末复习 易错题_6783bcb2000000001903714c.txt,四上,期末复习|思维拓展|教学,keep-34grade,四上期末复习：梯形➡️平行四边形。小学数学 期末复习 易错题
四上期末复习：火车过桥+火车过山洞（两次通过）。难度加大了，但是方法没有变。 数_677e7ef0000000000900e03d.txt,四上,期末复习,keep-34grade,四上期末复习：火车过桥+火车过山洞（两次通过）。难度加大了，但是方法没有变。 数
四上期末复习：火车过隧道问题（强调画图解决问题）小学数学 期末 期末复习_67682ed4000000001301b9ba.txt,四上,期末复习|教学,keep-34grade,四上期末复习：火车过隧道问题（强调画图解决问题）小学数学 期末 期末复习
四上期末复习：简便运算（变胖、变瘦，除法的性质），视频比较长，大家耐心看完！小学_6777f584000000000902c49e.txt,四上,期末复习,keep-34grade,四上期末复习：简便运算（变胖、变瘦，除法的性质），视频比较长，大家耐心看完！小学
四上期末复习：经典必考题（在连等算式里填空）。特地整理了这种类型的题，引导学生做_6779164b0000000009015dbb.txt,四上,期末复习,keep-34grade,四上期末复习：经典必考题（在连等算式里填空）。特地整理了这种类型的题，引导学生做
四上期末复习：翻折问题。小学数学 易错题期末复习_677668ed0000000013008d44.txt,四上,期末复习|思维拓展|教学,keep-34grade,四上期末复习：翻折问题。小学数学 易错题期末复习
四上期末复习：考查变化规律。与学生分享方法，提高正确率。小学数学 数学思维 易错_676a9f8700000000090173c3.txt,四上,期末复习|教学,keep-34grade,四上期末复习：考查变化规律。与学生分享方法，提高正确率。小学数学 数学思维 易错
四上期末复习：选择题的技巧。小学数学 期末复习_676ff8fb000000001300c3b8.txt,四上,期末复习|教学,keep-34grade,四上期末复习：选择题的技巧。小学数学 期末复习
四上第五单元思维拓展：等腰梯形与翻折。_673ea6150000000007030c83.txt,四上,思维拓展|教学,keep-34grade,四上第五单元思维拓展：等腰梯形与翻折。
四上第五单元：两个完全相同的平行四边形拼成一个大平行四边形，求周长？（题目中出现_6741a1510000000007024c33.txt,四上,教学,keep-34grade,四上第五单元：两个完全相同的平行四边形拼成一个大平行四边形，求周长？（题目中出现
四上第五单元：两个完全相同的直角梯形拼成一个长方形。小学数学 梯形_673d6043000000000800570a.txt,四上,教学,keep-34grade,四上第五单元：两个完全相同的直角梯形拼成一个长方形。小学数学 梯形
四上第五单元：平行四边形的特征_67373ac40000000019016236.txt,四上,教学,keep-34grade,四上第五单元：平行四边形的特征
四上第五单元：平行四边形里的和差问题。小学数学 数学思维_674bffdc00000000070256b3.txt,四上,教学,keep-34grade,四上第五单元：平行四边形里的和差问题。小学数学 数学思维
四上第五单元：数图形的个数。（今天与大家分享的是最最基础的方法，能做到不重不漏。_673dce9800000000070312d8.txt,四上,教学,keep-34grade,四上第五单元：数图形的个数。（今天与大家分享的是最最基础的方法，能做到不重不漏。
四上第五单元：易错题（沙包投掷成绩）。易错题 小学数学_6742a48c00000000080053c8.txt,四上,思维拓展|教学,keep-34grade,四上第五单元：易错题（沙包投掷成绩）。易错题 小学数学
四上第五单元：根据梯形的特征进行判断。小学数学梯形_673c8510000000000703939b.txt,四上,教学,keep-34grade,四上第五单元：根据梯形的特征进行判断。小学数学梯形
四上第五单元：画垂线（上集）_6734361f000000001b02be46.txt,四上,教学,keep-34grade,四上第五单元：画垂线（上集）
四上第五单元：画垂线（下集）。_67347610000000001b0102e1.txt,四上,教学,keep-34grade,四上第五单元：画垂线（下集）。
四上第五单元：画垂线（易错点）。_6735d09a000000001b02c35b.txt,四上,教学,keep-34grade,四上第五单元：画垂线（易错点）。
四上第五单元：画平行四边形的高（需延伸的情况）。_673b1c1200000000070310c3.txt,四上,教学,keep-34grade,四上第五单元：画平行四边形的高（需延伸的情况）。
四上第五单元：画平行线（初步感知，书上没有明确要求画，只是在练习册上出现了，所以_67361e5a000000001b011c2c.txt,四上,教学,keep-34grade,四上第五单元：画平行线（初步感知，书上没有明确要求画，只是在练习册上出现了，所以
四上第五单元：认识平行和垂直。（第一印象很重要，所以特地与大家分享这一个长长的课_6731f887000000001b029d58.txt,四上,教学,keep-34grade,四上第五单元：认识平行和垂直。（第一印象很重要，所以特地与大家分享这一个长长的课
四上第五单元：认识平行四边形（上）-特征、与长方形和正方形的关系。小学数学 认识_6736fba6000000001b02e2c4.txt,四上,教学,keep-34grade,四上第五单元：认识平行四边形（上）-特征、与长方形和正方形的关系。小学数学 认识
四上第五单元：长方形折叠成梯形。小学数学 易错题 思维训练_674689d90000000008005226.txt,四上,思维拓展|教学,keep-34grade,四上第五单元：长方形折叠成梯形。小学数学 易错题 思维训练
四上第五单元：长方形拉成平行四边形，什么变了？怎么在变？小学数学 易错题_6745c01b0000000008007fca.txt,四上,思维拓展|教学,keep-34grade,四上第五单元：长方形拉成平行四边形，什么变了？怎么在变？小学数学 易错题
四上第五单元：验证两条直线是否互相垂直（垂直与翻折）。小学数学 数学思维_67332a09000000001901612b.txt,四上,教学,keep-34grade,四上第五单元：验证两条直线是否互相垂直（垂直与翻折）。小学数学 数学思维
四上第八单元：沏茶问题（最短时间）这里想给学生强调，要把路线画出来，一步一步分析_675ac57900000000040289dc.txt,四上,教学,keep-34grade,四上第八单元：沏茶问题（最短时间）这里想给学生强调，要把路线画出来，一步一步分析
四上第八单元：烙饼问题小学数学 数学思维 烙饼问题_675c1063000000000603cfa9.txt,四上,教学,keep-34grade,四上第八单元：烙饼问题小学数学 数学思维 烙饼问题
四上第八单元：轮流报数游戏。小学数学 数学思维 数学其实很简单_67617b3c0000000014023a31.txt,四上,教学,keep-34grade,四上第八单元：轮流报数游戏。小学数学 数学思维 数学其实很简单
四上第六单元：“打包”更划算。这道题和教材上的题很相似，是教材的延伸，稍微变了一_675419af000000000800608a.txt,四上,教学,keep-34grade,四上第六单元：“打包”更划算。这道题和教材上的题很相似，是教材的延伸，稍微变了一
四上第六单元：买赠问题（已知总价，求数量）。前面讲过已知数量求总价的类型，有需要_6749c2130000000007030f8a.txt,四上,教学,keep-34grade,四上第六单元：买赠问题（已知总价，求数量）。前面讲过已知数量求总价的类型，有需要
四上第六单元：余数的变化规律。_6752f1680000000007039ad1.txt,四上,教学,keep-34grade,四上第六单元：余数的变化规律。
四上第六单元：口算除法（思维拓展）。除法算式与倍，通过这道题想告诉学生，我们的解_673f39ae000000000703ad13.txt,四上,思维拓展|教学,keep-34grade,四上第六单元：口算除法（思维拓展）。除法算式与倍，通过这道题想告诉学生，我们的解
四上第六单元：商的变化规律（假设法）。这种类型的题，如果学生确实记不住概念，那么_6751828500000000070387d1.txt,四上,教学,keep-34grade,四上第六单元：商的变化规律（假设法）。这种类型的题，如果学生确实记不住概念，那么
四上第六单元：思维拓展（初商与正确商）。计算218➗3 □时，初商5，发现商小了_6749a1c50000000007026085.txt,四上,思维拓展|教学,keep-34grade,四上第六单元：思维拓展（初商与正确商）。计算218➗3 □时，初商5，发现商小了
四上第六单元：思维拓展（初商与正确商）小学数学 思维训练 小学数学 小学奥数 小_6748860900000000070278a8.txt,四上,思维拓展|教学,keep-34grade,四上第六单元：思维拓展（初商与正确商）小学数学 思维训练 小学数学 小学奥数 小
四上第六单元：思考题。_67504a430000000007027d5d.txt,四上,教学,keep-34grade,四上第六单元：思考题。
四上第六单元：思考题。其本质就是隐藏的和倍问题。难点在于用学生能听懂的方法讲明白_674ef3000000000007028da7.txt,四上,教学,keep-34grade,四上第六单元：思考题。其本质就是隐藏的和倍问题。难点在于用学生能听懂的方法讲明白
四上第六单元：思考题（商是一位数且没有余数）小学数学数学思维_674effcb0000000007030875.txt,四上,教学,keep-34grade,四上第六单元：思考题（商是一位数且没有余数）小学数学数学思维
四上第六单元：思考题（这道题比较难，其本质考察的是除法算式各部分之间的关系。）数_675531bd00000000070081ff.txt,四上,教学,keep-34grade,四上第六单元：思考题（这道题比较难，其本质考察的是除法算式各部分之间的关系。）数
四上第六单元：思考题（这道题比较难，其本质考察的是除法算式各部分之间的关系。）数_6756dd7b000000000603eb4c.txt,四上,教学,keep-34grade,四上第六单元：思考题（这道题比较难，其本质考察的是除法算式各部分之间的关系。）数
四上第六单元：易错题—拿之后一样多（画图很关键）易错题 数学思维 小学数学_675035610000000007038948.txt,四上,思维拓展|教学,keep-34grade,四上第六单元：易错题—拿之后一样多（画图很关键）易错题 数学思维 小学数学
四上第六单元：易错题。（讲的时候学生都会，但是学生独立做出错率很高。）小学数学_674aa44a0000000007039b22.txt,四上,思维拓展|教学,keep-34grade,四上第六单元：易错题。（讲的时候学生都会，但是学生独立做出错率很高。）小学数学
四上第六单元：有余数的除法算式各部分之间的关系。_674128590000000007038d84.txt,四上,教学,keep-34grade,四上第六单元：有余数的除法算式各部分之间的关系。
四上第六单元：用假设法解题。_6752e0390000000007037b7c.txt,四上,教学,keep-34grade,四上第六单元：用假设法解题。
四上第六单元：用简便方法计算（变胖和变瘦）。取了一个比较俗的名字帮助学生理解与记_6756e65e000000000700f204.txt,四上,教学,keep-34grade,四上第六单元：用简便方法计算（变胖和变瘦）。取了一个比较俗的名字帮助学生理解与记
四上第六单元：稍复杂的行程问题。_674d9b270000000007027820.txt,四上,教学,keep-34grade,四上第六单元：稍复杂的行程问题。
四上第六单元：被除数和除数同时去0的竖式，这也是一种简便方法。沟通联系，加深认识_675829530000000004029fed.txt,四上,教学,keep-34grade,四上第六单元：被除数和除数同时去0的竖式，这也是一种简便方法。沟通联系，加深认识
四上第六单元：调商（重视每一步意义的理解）小学数学 数学思维_674449cc000000000703326a.txt,四上,教学,keep-34grade,四上第六单元：调商（重视每一步意义的理解）小学数学 数学思维
四上第六单元：这是本单元的重点题型（怎么买划算）小学数学易错题数学思维_67585228000000000603e5e7.txt,四上,思维拓展|教学,keep-34grade,四上第六单元：这是本单元的重点题型（怎么买划算）小学数学易错题数学思维
四上第六单元：除数与商的关系（此消彼长）。备课时，突然想到用这个词来形容除数与商_674d985f000000000703be3e.txt,四上,教学,keep-34grade,四上第六单元：除数与商的关系（此消彼长）。备课时，突然想到用这个词来形容除数与商
四上第六单元：除数是整十数的除法竖式。重点在于理解每一步的意义及沟通知识之间的联_6740398f0000000007033276.txt,四上,教学,keep-34grade,四上第六单元：除数是整十数的除法竖式。重点在于理解每一步的意义及沟通知识之间的联
四上第六单元：除法竖式谜。小学数学 数学思维_674c46ec00000000070394bd.txt,四上,教学,keep-34grade,四上第六单元：除法竖式谜。小学数学 数学思维
四上第六单元：除法竖式谜。小学数学 竖式谜_674580d5000000000703441a.txt,四上,教学,keep-34grade,四上第六单元：除法竖式谜。小学数学 竖式谜
四下-求近似数_68405b580000000023010f71.txt,四下,其他,keep-34grade,四下-求近似数
四下-简便计算（复杂）_68405a9e0000000023003960.txt,四下,教学,keep-34grade,四下-简便计算（复杂）
四下-简便计算（易混淆）_68405a5f0000000022036c32.txt,四下,教学,keep-34grade,四下-简便计算（易混淆）
四下-鸡兔同笼问题变式3_68405c5f000000002301fccc.txt,四下,其他,keep-34grade,四下-鸡兔同笼问题变式3
四下五单元-三角形被遮住了部分_680b90e2000000001c013a18.txt,四下,教学,keep-34grade,四下五单元-三角形被遮住了部分
四下五单元-易错题_6818400d0000000022028e87.txt,四下,思维拓展|教学,keep-34grade,四下五单元-易错题
四下五单元-画等腰三角形_680e2a85000000002202fab4.txt,四下,教学,keep-34grade,四下五单元-画等腰三角形
四下六单元-桶和油的问题_68184231000000002300e56c.txt,四下,教学,keep-34grade,四下六单元-桶和油的问题
四下思维拓展-等量代换（转化）_68405be20000000023000058.txt,四下,思维拓展,keep-34grade,四下思维拓展-等量代换（转化）
四下思维训练：与倍有关（和倍问题）_682dd7e1000000002301297b.txt,四下,思维拓展,keep-34grade,四下思维训练：与倍有关（和倍问题）
四下易错题：用假设法求解_68221192000000002301479d.txt,四下,思维拓展,keep-34grade,四下易错题：用假设法求解
四下期末复习-易错题_685530680000000010027a1f.txt,四下,期末复习|思维拓展,keep-34grade,四下期末复习-易错题
四下期末复习-易错题_6855311500000000120166f8.txt,四下,期末复习|思维拓展,keep-34grade,四下期末复习-易错题
四下期末复习-杯子叠起来的高度_68552faf000000000b02efb7.txt,四下,期末复习,keep-34grade,四下期末复习-杯子叠起来的高度
四下期末复习_6855300d000000000b01d543.txt,四下,期末复习,keep-34grade,四下期末复习
四下第七单元-图形的平移_682362ec000000002300d757.txt,四下,教学,keep-34grade,四下第七单元-图形的平移
四下第七单元-对称轴_682ade59000000002202dfb2.txt,四下,教学,keep-34grade,四下第七单元-对称轴
四下第七单元-求近似数（最大与最小）_682895620000000023017fea.txt,四下,教学,keep-34grade,四下第七单元-求近似数（最大与最小）
四下第七单元-轴对称图形_681dec54000000002202ee43.txt,四下,教学,keep-34grade,四下第七单元-轴对称图形
四下第七单元-运用平移解决问题（转化）_682ade890000000023002913.txt,四下,教学,keep-34grade,四下第七单元-运用平移解决问题（转化）
四下第五单元-计算图中角的度数。_681841910000000023011b64.txt,四下,教学,keep-34grade,四下第五单元-计算图中角的度数。
四下第五单元：假设法与画图_6810e00d000000002202a331.txt,四下,教学,keep-34grade,四下第五单元：假设法与画图
四下第五单元：换算单位_6810e0b9000000002301300d.txt,四下,教学,keep-34grade,四下第五单元：换算单位
四下第五单元：求多边形的内角和_6818c8a30000000023013350.txt,四下,教学,keep-34grade,四下第五单元：求多边形的内角和
四下第八单元-平均数变式_682dd81b0000000023016a34.txt,四下,教学,keep-34grade,四下第八单元-平均数变式
四下第六单元-小数加减法（竖式）_681b5d5e000000002301d9f3.txt,四下,教学,keep-34grade,四下第六单元-小数加减法（竖式）
四下第六单元-思维训练（和差问题）_6822116b00000000230027ea.txt,四下,思维拓展|教学,keep-34grade,四下第六单元-思维训练（和差问题）
四下第六单元-思维题_681dec730000000022037ccd.txt,四下,教学,keep-34grade,四下第六单元-思维题
四下第六单元-竖式谜_681b5db0000000002202c461.txt,四下,教学,keep-34grade,四下第六单元-竖式谜
四下第六单元-简便计算_682212250000000023010ae2.txt,四下,教学,keep-34grade,四下第六单元-简便计算
四下第六单元-简便计算（去括号）_682894fd000000002301081c.txt,四下,教学,keep-34grade,四下第六单元-简便计算（去括号）
四下：与倍有关（抓住总量不变）_68484c2f000000002202ed6f.txt,四下,其他,keep-34grade,四下：与倍有关（抓住总量不变）
四下：单位换算与排序（稍复杂）_682dd87a0000000023012d0f.txt,四下,其他,keep-34grade,四下：单位换算与排序（稍复杂）
四下：平均数变式。_6832ef08000000002202be98.txt,四下,教学,keep-34grade,四下：平均数变式。
四下：得分问题_68484b6c0000000023014aac.txt,四下,其他,keep-34grade,四下：得分问题
四下：鸡兔同笼变式2_6832eede000000002202eefa.txt,四下,其他,keep-34grade,四下：鸡兔同笼变式2
四下：鸡兔同笼变式题_6832e310000000002202e719.txt,四下,其他,keep-34grade,四下：鸡兔同笼变式题
四下：鸡兔同笼问题（假设法）_682dd9570000000023017150.txt,四下,其他,keep-34grade,四下：鸡兔同笼问题（假设法）
四下：鸡兔同笼问题（抬脚法）_682dd8f90000000022034ee6.txt,四下,其他,keep-34grade,四下：鸡兔同笼问题（抬脚法）
四升五预习10。_68841fe8000000000b01f895.txt,四升五预习|无年级前缀,预习,keep-5grade|preview,四升五预习10。
四升五预习11。_6888159a00000000250273df.txt,四升五预习|无年级前缀,预习,keep-5grade|preview,四升五预习11。
四升五预习12。_688c19000000000025022172.txt,四升五预习|无年级前缀,预习,keep-5grade|preview,四升五预习12。
四升五预习13。_68904b8500000000250280e0.txt,四升五预习|无年级前缀,预习,keep-5grade|preview,四升五预习13。
四升五预习14_689a11e7000000002501399b.txt,四升五预习|无年级前缀,预习,keep-5grade|preview,四升五预习14
四升五预习15_689a12520000000025019818.txt,四升五预习|无年级前缀,预习,keep-5grade|preview,四升五预习15
四升五预习16_68a468f7000000001d004680.txt,四升五预习|无年级前缀,预习,keep-5grade|preview,四升五预习16
四升五预习17_68a46930000000001d0047fc.txt,四升五预习|无年级前缀,预习,keep-5grade|preview,四升五预习17
四升五预习18_68af16e1000000001d002f1d.txt,四升五预习|无年级前缀,预习,keep-5grade|preview,四升五预习18
四升五预习19_68af171b000000001d00f24e.txt,四升五预习|无年级前缀,预习,keep-5grade|preview,四升五预习19
四升五预习1_686259350000000010011c90.txt,四升五预习|无年级前缀,预习,keep-5grade|preview,四升五预习1
四升五预习20_68b1bf61000000001d009e6c.txt,四升五预习|无年级前缀,预习,keep-5grade|preview,四升五预习20
四升五预习2_68652e330000000012015670.txt,四升五预习|无年级前缀,预习,keep-5grade|preview,四升五预习2
四升五预习3_6868fd6d0000000010025bce.txt,四升五预习|无年级前缀,预习,keep-5grade|preview,四升五预习3
四升五预习4。_686cbc5e0000000010013c74.txt,四升五预习|无年级前缀,预习,keep-5grade|preview,四升五预习4。
四升五预习5。_686f3a17000000000d0188c4.txt,四升五预习|无年级前缀,预习,keep-5grade|preview,四升五预习5。
四升五预习6。_6874cce2000000000d025d0a.txt,四升五预习|无年级前缀,预习,keep-5grade|preview,四升五预习6。
四升五预习7。_6878789c0000000010025979.txt,四升五预习|无年级前缀,预习,keep-5grade|preview,四升五预习7。
四升五预习8。_687c687000000000120157cd.txt,四升五预习|无年级前缀,预习,keep-5grade|preview,四升五预习8。
四升五预习9。_688042f60000000011001311.txt,四升五预习|无年级前缀,预习,keep-5grade|preview,四升五预习9。
四年级上册第五单元-各种四边形之间的关系（长方形、正方形、平行四边形、梯形）_673c6f01000000000702b249.txt,四上,教学,keep-34grade,四年级上册第五单元-各种四边形之间的关系（长方形、正方形、平行四边形、梯形）
四年级寒假预习1 前几个视频都是在讲基础知识点，很简单，但千万不要小看它哦。小学_678e3d70000000002901080e.txt,寒假预习|无年级前缀,预习,keep-34grade,四年级寒假预习1 前几个视频都是在讲基础知识点，很简单，但千万不要小看它哦。小学
四年级寒假预习10_再次认识小数小学数学 寒假 预习_679e19a90000000029019826.txt,寒假预习|无年级前缀,预习|教学,keep-34grade,四年级寒假预习10
四年级寒假预习11_小数的性质小学数学 寒假 预习_67a0ca770000000029017641.txt,寒假预习|无年级前缀,预习|教学,keep-34grade,四年级寒假预习11
四年级寒假预习12_小数的大小比较小学数学寒假预习_67a34bb400000000290098db.txt,寒假预习|无年级前缀,预习|教学,keep-34grade,四年级寒假预习12
四年级寒假预习13_小数点移动小学数学寒假预习_67a5ebd9000000002a00d81e.txt,寒假预习|无年级前缀,预习|教学,keep-34grade,四年级寒假预习13
四年级寒假预习14_鸡兔同笼小学数学寒假预习_67a89a48000000002a002009.txt,寒假预习|无年级前缀,预习|教学,keep-34grade,四年级寒假预习14
四年级寒假预习15_得分问题小学数学 寒假预习_67adc415000000002802bd0c.txt,寒假预习|无年级前缀,预习|教学,keep-34grade,四年级寒假预习15
四年级寒假预习2小学数学 寒假 预习_678e3e88000000002a00e89f.txt,寒假预习|无年级前缀,预习|教学,keep-34grade,四年级寒假预习2小学数学 寒假 预习
四年级寒假预习3_简便运算（1）多写了一个9[汗颜R]大家多担待[笑哭R]小学数_6790d405000000002901f47d.txt,寒假预习|无年级前缀,预习,keep-34grade,四年级寒假预习3
四年级寒假预习4_简便运算（2）凑整。小学数学 寒假 预习_67922c4a0000000029028bf2.txt,寒假预习|无年级前缀,预习|教学,keep-34grade,四年级寒假预习4
四年级寒假预习5_简便运算（3）小学数学 寒假预习_67939118000000002901bb8b.txt,寒假预习|无年级前缀,预习|教学,keep-34grade,四年级寒假预习5
四年级寒假预习6_乘法交换律和乘法结合律#小学数学 寒假 预习_6794f25a000000002900efb3.txt,寒假预习|无年级前缀,预习|教学,keep-34grade,四年级寒假预习6
四年级寒假预习7_乘法分配律。小学数学 寒假 预习_6795f522000000002900b4af.txt,寒假预习|无年级前缀,预习|教学,keep-34grade,四年级寒假预习7
四年级寒假预习8：错中求解。借此机会祝大家新年快乐🎆，祝大家新的一年里顺风顺水_679a0ebb000000002a00d2e6.txt,寒假预习|无年级前缀,预习,keep-34grade,四年级寒假预习8：错中求解。借此机会祝大家新年快乐🎆，祝大家新的一年里顺风顺水
四年级寒假预习9_有难度的简便运算小学数学 预习 寒假 简便运算_679c57d50000000029027533.txt,寒假预习|无年级前缀,预习|教学,keep-34grade,四年级寒假预习9
因数和倍数的意义。_69afd7a20000000022020861.txt,无年级前缀,其他,keep-34grade|keep-5grade,因数和倍数的意义。
图形拓展题：等底等高的三角形面积相等。小学数学三角形的面积_69985935000000000a029bdc.txt,无年级前缀,思维拓展|教学,keep-34grade,图形拓展题：等底等高的三角形面积相等。小学数学三角形的面积
在一个没有余数的除法算式中，被除数与除数的差是300，商是16，求被除数与除数分_67b5db4f000000002803ea24.txt,无年级前缀,其他,keep-34grade,在一个没有余数的除法算式中，被除数与除数的差是300，商是16，求被除数与除数分
在数尺上填小数。（这学期我们先上第四单元，第三单元先留着后面上）小学数学 知识分_67c5c4ca000000002903efbc.txt,无年级前缀,教学,keep-34grade,在数尺上填小数。（这学期我们先上第四单元，第三单元先留着后面上）小学数学 知识分
复习写综合算式，重点梳理三者的联系与区别。小学数学 综合算式四年级数学_67c5c443000000002903ee16.txt,无年级前缀,教学,keep-34grade,复习写综合算式，重点梳理三者的联系与区别。小学数学 综合算式四年级数学
多位数与倍数问题_一个五位数，在它的前面添上4，得到的数是原来的数的9倍，这个五_66f6a0b4000000001b02197e.txt,无年级前缀,其他,keep-34grade,多位数与倍数问题
大家之前问得特别多的一道题（火车过桥）。小学数学 火车过桥四年级数学_67c5c2b0000000002a001f82.txt,无年级前缀,教学,keep-34grade,大家之前问得特别多的一道题（火车过桥）。小学数学 火车过桥四年级数学
大数的比较大小_把这些数不重不漏地按照要求写出来，并从小到大排序。重点是在细节…_66f2ba7c000000001a023afa.txt,无年级前缀,其他,keep-34grade,大数的比较大小
大部分学生出错，讲起来也比较拗口，看看大家还有没有更好的方法求解这道题。近似数_68484bab000000002300df8d.txt,无年级前缀,其他,keep-34grade,大部分学生出错，讲起来也比较拗口，看看大家还有没有更好的方法求解这道题。近似数
学会且习惯借助直观的图形来分析题意，掌握做选择题的得分技巧，其实这道题也可以挨个_68484d0600000000230152af.txt,无年级前缀,其他,keep-34grade,学会且习惯借助直观的图形来分析题意，掌握做选择题的得分技巧，其实这道题也可以挨个
寒假已经正式开启，除了预习，思维训练也安排上。小学数学 寒假思维训练_678ce5b9000000001801e2e7.txt,寒假预习|无年级前缀,预习|思维拓展|教学,preview,寒假已经正式开启，除了预习，思维训练也安排上。小学数学 寒假思维训练
寒假思维训练：这道题大家问得比较多，录一个视频讲一讲。小学数学 寒假 思维训练_679f9975000000002903535e.txt,无年级前缀,思维拓展|教学,preview,寒假思维训练：这道题大家问得比较多，录一个视频讲一讲。小学数学 寒假 思维训练
将不规则的图形转化成规则的图形。重点是教会学生怎么平移，一定要把图“画”出来！小_68484c0600000000230112df.txt,无年级前缀,其他,keep-34grade,将不规则的图形转化成规则的图形。重点是教会学生怎么平移，一定要把图“画”出来！小
小数的计数单位（易错题）_67cb0ba3000000002803ee9e.txt,无年级前缀,思维拓展|教学,keep-34grade,小数的计数单位（易错题）
常规练习题_计数单位、数位、数级和数字表示的意义的应用。#小学数学 #数学思维_66ead455000000001e01b31e.txt,无年级前缀,教学,keep-34grade,常规练习题
年龄问题_6998590f000000000c035ff9.txt,无年级前缀,其他,keep-34grade,年龄问题
开学第一课_小太阳老师开学啦，端好小凳凳，准备开始学习咯……#小学数学 #开学第_66eacb22000000000c019bff.txt,无年级前缀,教学,reject,开学第一课
开学送了三句话给我的学生。同时也用这三句话勉励我自己，我们一起开启新学期的学习吧_67b31fd2000000002a003721.txt,无年级前缀,其他,reject,开学送了三句话给我的学生。同时也用这三句话勉励我自己，我们一起开启新学期的学习吧
思想工作要做好😁_68d66a5600000000130040fc.txt,无年级前缀,思维拓展,reject,思想工作要做好😁
思维训练：错中求解（里面也涉及到了和的变化规律）。小学数学 数学思维四年级数学_67bb15fa000000002803e51b.txt,无年级前缀,思维拓展|教学,keep-34grade,思维训练：错中求解（里面也涉及到了和的变化规律）。小学数学 数学思维四年级数学
思维题：一箱苹果，爸爸20天吃完，妈妈30天吃完，两人一起吃多少天吃完？小学数学_678f815e000000002902fc1b.txt,无年级前缀,教学,keep-34grade,思维题：一箱苹果，爸爸20天吃完，妈妈30天吃完，两人一起吃多少天吃完？小学数学
成都vlog_奔赴一场救赎之旅。做一个有梦想的人，更要做一个有实现梦想勇气的人…_66c4bc89000000001d017db1.txt,无年级前缀,vlog生活,reject,成都vlog
找一个数的因数和找一个数的倍数。_69b14e0100000000220201dc.txt,无年级前缀,其他,keep-34grade|keep-5grade,找一个数的因数和找一个数的倍数。
拉窗帘模型的应用_69985967000000000b013e51.txt,无年级前缀,其他,keep-34grade|keep-6grade,拉窗帘模型的应用
捆扎问题_69be1ec70000000023023988.txt,无年级前缀,其他,keep-34grade,捆扎问题
换算单位（填小数）。借助分数更好理解。_67cb0abd000000002a00c573.txt,无年级前缀,教学,keep-34grade,换算单位（填小数）。借助分数更好理解。
接上一个视频接着讲， 类似的题多次出现在习题里。知识分享 每天进步一点_68da8997000000001300b903.txt,无年级前缀,其他,keep-34grade,接上一个视频接着讲， 类似的题多次出现在习题里。知识分享 每天进步一点
接着上一个视频讲，将分步算式改写成综合算式。小学数学 易错题四年级数学_67b94d44000000002901dab7.txt,无年级前缀,思维拓展|教学,keep-34grade,接着上一个视频讲，将分步算式改写成综合算式。小学数学 易错题四年级数学
接着昨天的租船问题讲租车问题。_67bdc25f000000002503d41b.txt,无年级前缀,其他,keep-34grade,接着昨天的租船问题讲租车问题。
接着昨天的讲，对比理解与记忆。_67b720f2000000002903cc2e.txt,无年级前缀,其他,keep-34grade,接着昨天的讲，对比理解与记忆。
搭配与读数。(将三年级的搭配知识与读数问题结合在一起考，重点是解题思路，要做到不_66fbfb74000000001b02252f.txt,三下,其他,keep-34grade,搭配与读数。(将三年级的搭配知识与读数问题结合在一起考，重点是解题思路，要做到不
改写成综合算式（图➡️综合算式）。_67b858a9000000002901b4ef.txt,无年级前缀,其他,keep-34grade,改写成综合算式（图➡️综合算式）。
数三角形个数。讲了最基础的做法，是做数数图形的题最万能的方法，也适当拔高了一些，_66d969bc000000000c018bab.txt,无年级前缀,教学,keep-34grade,数三角形个数。讲了最基础的做法，是做数数图形的题最万能的方法，也适当拔高了一些，
数级与求近似数。 #小学数学##数级_66f53169000000001a021d94.txt,无年级前缀,教学,keep-34grade,数级与求近似数。
数级练习题(易错)。_66ebfbe5000000001e019dcf.txt,无年级前缀,其他,keep-34grade,数级练习题(易错)。
新学期对照学_69678d1a000000000903b852.txt,无年级前缀,其他,keep-34grade,新学期对照学
新学期第一课_68b96d5c000000001d016fc3.txt,无年级前缀,其他,keep-34grade,新学期第一课
新情境新考法，这样的题你们会解吗？这是三下东南西北里的题。(期待开学继续与大家分_66d5b2ca000000001d03b17e.txt,三下,其他,keep-34grade,新情境新考法，这样的题你们会解吗？这是三下东南西北里的题。(期待开学继续与大家分
方阵问题_6975f073000000000a02ce0b.txt,无年级前缀,其他,keep-34grade,方阵问题
早起用一个讲课视频祝大家新年快乐🎉🎉🎉_69562c68000000001e014997.txt,无年级前缀,其他,keep-34grade,早起用一个讲课视频祝大家新年快乐🎉🎉🎉
易错题_69b3d19e000000001b00097d.txt,无年级前缀,思维拓展,keep-34grade,易错题
易错题_与日历有关(计算天数)。最基础的做法就是要分月计算，视频最后留有一道变式_66e4fac800000000120129e4.txt,无年级前缀,思维拓展,keep-34grade,易错题
易错题_多种形式考察数的组成。#小学数学##易错题_66f41959000000001902dd73.txt,无年级前缀,思维拓展|教学,keep-34grade,易错题
易错题（计数单位、小数的个数）_67cdb5da000000002903fa82.txt,无年级前缀,思维拓展|教学,keep-34grade,易错题（计数单位、小数的个数）
易错题：循环小数_6985a9ec00000000090387cf.txt,无年级前缀,思维拓展|教学,reject,易错题：循环小数
易错题：循环小数的简便记法？循环节？易错题循环小数_6975ef6e000000000b012b3d.txt,无年级前缀,思维拓展|教学,reject,易错题：循环小数的简便记法？循环节？易错题循环小数
昨天的幸福今天分享，祝自己教师节快乐🎉_68c6b557000000001d016635.txt,无年级前缀,其他,keep-34grade,昨天的幸福今天分享，祝自己教师节快乐🎉
最少由几个小正方体组成_69afd768000000002603dada.txt,无年级前缀,其他,keep-34grade,最少由几个小正方体组成
有两个数，分别将它们四舍五入到万位，都近似约等于6万，而且这两个数相差6，其中一_6708c2fc000000001a020e32.txt,无年级前缀,其他,keep-34grade,有两个数，分别将它们四舍五入到万位，都近似约等于6万，而且这两个数相差6，其中一
期末冲刺阶段（思想工作）_685531ba000000000b02fe6e.txt,无年级前缀,思维拓展,reject,期末冲刺阶段（思想工作）
期末复习_6833fede0000000022028237.txt,无年级前缀,期末复习,reject,期末复习
期末复习_6931680b000000001e004cc5.txt,无年级前缀,期末复习,reject,期末复习
植树问题易错题_6975f021000000000a03113d.txt,无年级前缀,思维拓展,keep-34grade|keep-6grade,植树问题易错题
求近似数易错题：大家踩坑了吗？_67079de5000000001a020590.txt,无年级前缀,思维拓展,keep-34grade,求近似数易错题：大家踩坑了吗？
汗流浃背的一天vlog_我的图书馆铁皮书架。喜欢与大家分享我生活中的小美好……#_66c6cb87000000001d0193ed.txt,无年级前缀,vlog生活,reject,汗流浃背的一天vlog
洒水车与面积：一辆洒水车每分钟行驶400米，洒水的宽度是10米，这辆洒水车1小时_670d36080000000021007ccb.txt,无年级前缀,教学,keep-34grade,洒水车与面积：一辆洒水车每分钟行驶400米，洒水的宽度是10米，这辆洒水车1小时
用0、0、0、2、3、4、5这七个数字组数，组成三个0都要读的最大七位数是多少？_66f95add000000001b023f7d.txt,无年级前缀,其他,keep-34grade,用0、0、0、2、3、4、5这七个数字组数，组成三个0都要读的最大七位数是多少？
用3、5、7、8和5个0组成一个九位数，使这个九位数最接近5亿，这个数是多少？#_67049e07000000001b020fe8.txt,无年级前缀,教学,keep-34grade,用3、5、7、8和5个0组成一个九位数，使这个九位数最接近5亿，这个数是多少？#
用3、5、8和四个0，组成一个只读两个0的七位数，求最大的和最小的七位数分别是？_66f3e10d000000001902f21e.txt,无年级前缀,其他,keep-34grade,用3、5、8和四个0，组成一个只读两个0的七位数，求最大的和最小的七位数分别是？
用“割补法”求不规则图形的面积。#小学数学 #不规则图形的面积_670e69db000000002100416d.txt,无年级前缀,教学,keep-34grade,用“割补法”求不规则图形的面积。
直觉告诉我，这是期末必考题哟，大家多练几道这种类型的题！必考考点 小学数学_68484d5b0000000023015458.txt,无年级前缀,教学,keep-34grade,直觉告诉我，这是期末必考题哟，大家多练几道这种类型的题！必考考点 小学数学
看看这道题，还挺有意思的，是一个粉丝发来的。小学数学 寒假 思维_678ce5f6000000001802c782.txt,无年级前缀,教学,keep-34grade,看看这道题，还挺有意思的，是一个粉丝发来的。小学数学 寒假 思维
第一单元必会题型_69aa25c6000000002602ea52.txt,无年级前缀,教学,keep-34grade,第一单元必会题型
简便计算（拓展的黄金搭档）。想让学生明白，现在学的只是在以前学过知识的基础上进行_68c6b59c000000001d006c9f.txt,无年级前缀,教学,keep-34grade,简便计算（拓展的黄金搭档）。想让学生明白，现在学的只是在以前学过知识的基础上进行
简便运算（1）小学数学简便运算四年级数学_67dece80000000001a007861.txt,无年级前缀,教学,keep-34grade,简便运算（1）小学数学简便运算四年级数学
简便运算（2）小学数学简便运算四年级数学_67decf4d000000001c00ab32.txt,无年级前缀,教学,keep-34grade,简便运算（2）小学数学简便运算四年级数学
简便运算（4）小学数学简便运算四年级数学_67ded03d000000001c00d7fa.txt,无年级前缀,教学,keep-34grade,简便运算（4）小学数学简便运算四年级数学
简便运算（4）小学数学简便运算四年级数学_67ded0d4000000001b038f65.txt,无年级前缀,教学,keep-34grade,简便运算（4）小学数学简便运算四年级数学
经典题型：已知被减数、减数、差的和……求三个量分别是多少。_67b486f9000000002901ae7c.txt,无年级前缀,其他,keep-34grade,经典题型：已知被减数、减数、差的和……求三个量分别是多少。
观察物体小学数学四年级数学 观察物体_67c0782f000000002900b649.txt,无年级前缀,教学,keep-34grade,观察物体小学数学四年级数学 观察物体
观察物体练习题。（强调画的时候从左➡️右，在想象中有一个翻转的过程。）小学数学_67c5c23200000000280283f9.txt,无年级前缀,教学,keep-34grade,观察物体练习题。（强调画的时候从左➡️右，在想象中有一个翻转的过程。）小学数学
计数器上拨数。用15颗珠子拨六位数。#小学数学 #数学思维_67068ca0000000001b023a87.txt,无年级前缀,教学,keep-34grade,计数器上拨数。用15颗珠子拨六位数。
认识公顷。 一个比较长的课堂实录与大家分享，每一个环节每一句话都是我想强调的重点_670a2a18000000001b03e03b.txt,无年级前缀,教学,keep-34grade,认识公顷。 一个比较长的课堂实录与大家分享，每一个环节每一句话都是我想强调的重点
认识线段、射线、直线和角。#小学数学 #四年级数学_671197410000000026036444.txt,无年级前缀,教学,keep-34grade,认识线段、射线、直线和角。
课堂实录：爬楼问题。_67a20fb80000000029039096.txt,无年级前缀,其他,keep-34grade,课堂实录：爬楼问题。
谈谈暑假预习_684d60c30000000023003049.txt,无年级前缀,预习,reject,谈谈暑假预习
谈谈暑期阅读书目。_685cea430000000011000242.txt,无年级前缀,其他,keep-34grade,谈谈暑期阅读书目。
质数和合数易错判断题，这一个单元概念很多，容易弄混淆。质数和合数小学数学_69ba87d40000000023021d1e.txt,无年级前缀,教学,keep-5grade|reject,质数和合数易错判断题，这一个单元概念很多，容易弄混淆。质数和合数小学数学
超难理解的分数问题_6985a9a7000000000b010adf.txt,无年级前缀,教学,keep-34grade|keep-5grade,超难理解的分数问题
这学期的易错题，在单位换算时，同学们特别容易出错，一定要慢下来，当跨度比较大，就_68499f81000000002202a3e4.txt,无年级前缀,思维拓展,keep-34grade,这学期的易错题，在单位换算时，同学们特别容易出错，一定要慢下来，当跨度比较大，就
这是上学期重点学过的问题解决，出现在了最近的练习题里，学生出错比较多，我们一起重_68484cb60000000023015132.txt,无年级前缀,其他,keep-34grade,这是上学期重点学过的问题解决，出现在了最近的练习题里，学生出错比较多，我们一起重
这种类型的题，只需要加上一个动作，学生想象出原几何体就会容易很多。你们一定要试试_69acef8a0000000026033bd5.txt,无年级前缀,其他,keep-34grade,这种类型的题，只需要加上一个动作，学生想象出原几何体就会容易很多。你们一定要试试
这道题是100名师生栽100棵树，对比之前讲的100各和尚吃100个馒头那一个视_68484c70000000002300e352.txt,无年级前缀,其他,keep-34grade,这道题是100名师生栽100棵树，对比之前讲的100各和尚吃100个馒头那一个视
重点认识底和高。第一印象很重，认真听，听懂了会大大降低做作业的错误率。小学数学_67384bca0000000019014c1c.txt,无年级前缀,教学,keep-34grade,重点认识底和高。第一印象很重，认真听，听懂了会大大降低做作业的错误率。小学数学
🥇颁奖啦🥇_685532670000000012017104.txt,无年级前缀,vlog生活,reject,🥇颁奖啦🥇
